file,sha256,target,dispatch_state,review_depth,flags
/home/eitanya/wao/handoff/pending/2026-09-05_020_waoengineer_canonicalize-release-tests.md,71168ac984a9cdb6babc6189b87dbe2ea57de169c9beaa62be31cac9fa9b9fdc,waoengineer,REVIEW_REQUIRED,"structural scan; prior triage plus selected deep checks, not full semantic certification",legacy_exact_once;global_lint_reference_review
/home/eitanya/wao/handoff/pending/2026-09-05_032_waoengineer_add-wayback-domain-discovery.md,c78fe0816198394020e4a56a601e5361312986e8ac82da7dcc20a0d5d5cf12d3,waoengineer,REVIEW_REQUIRED,"structural scan; prior triage plus selected deep checks, not full semantic certification",legacy_exact_once;global_lint_reference_review
/home/eitanya/wao/handoff/pending/2026-09-05_034_waoengineer_integrate-openseo-mcp.md,707db88db2e3f1f1bf7fed9bdd75992dc787ff221ff4739c4e4650f7d0adf17e,waoengineer,REVIEW_REQUIRED,"structural scan; prior triage plus selected deep checks, not full semantic certification",legacy_exact_once;global_lint_reference_review;immutable_pins_revalidate
/home/eitanya/wao/handoff/pending/2026-09-05_035_waoengineer_add-moz-authority-metrics.md,975d5a2ebb50a0cf5e977f465a85fad2b8456d392bd4cc9f0bf463173ed7ab9a,waoengineer,REVIEW_REQUIRED,"structural scan; prior triage plus selected deep checks, not full semantic certification",legacy_exact_once;global_lint_reference_review
/home/eitanya/wao/handoff/pending/2026-09-05_036_waoengineer_orchestrate-domain-research.md,d9c7d196c7e435649c69eb7870757dfde1a9f2cfe557e8aec613d6647269c2b1,waoengineer,REVIEW_REQUIRED,"structural scan; prior triage plus selected deep checks, not full semantic certification",legacy_exact_once;global_lint_reference_review
/home/eitanya/wao/handoff/pending/2026-09-05_037_waoengineer_expose-domain-research-api.md,d802236286e380e0de270fd7ba0b92e976b836b4471a5464146a4ae3a6bbd5ea,waoengineer,REVIEW_REQUIRED,"structural scan; prior triage plus selected deep checks, not full semantic certification",legacy_exact_once;global_lint_reference_review
/home/eitanya/wao/handoff/pending/2026-09-05_038_waoengineer_build-domain-research-workspace.md,ac66e992f78b778e64ffb70e8ed3fe3147b11ee6f7f28a4aa0a2fc3e2fa3d6a9,waoengineer,REVIEW_REQUIRED,"structural scan; prior triage plus selected deep checks, not full semantic certification",legacy_exact_once;global_lint_reference_review
/home/eitanya/wao/handoff/pending/2026-09-05_039_waoverifier_verify-domain-research-runtime.md,8bb83e987b3b4a15cbfba354126624e51a952af4c44d1b1f3f8492a54ca8f3d3,waoverifier,REVIEW_REQUIRED,"structural scan; prior triage plus selected deep checks, not full semantic certification",legacy_exact_once
/home/eitanya/wao/handoff/pending/2026-09-05_040_waouxtester_verify-domain-research-visuals.md,1885f93dcc1e886514e807da74de9a0bcde66f6b7880c6dc111902d2891271d6,waouxtester,REVIEW_REQUIRED,"structural scan; prior triage plus selected deep checks, not full semantic certification",legacy_exact_once
/home/eitanya/wao/handoff/pending/2026-09-06_005_waoengineer_canonicalize-release-tests-successor.md,ebfdc41be005b88bae4659b53a94e327df767ceeaea568820fe9894594b7c823,waoengineer,REVIEW_REQUIRED,"structural scan; prior triage plus selected deep checks, not full semantic certification",legacy_exact_once;inline_interpreter_review
/home/eitanya/wao/handoff/pending/2026-09-06_007_waoengineer_certification-eligibility-engine.md,600f97233af0aa5441865f8d4edca64c2960d0c3cb34b1de52371f4bdf9b3144,waoengineer,REVIEW_REQUIRED,"structural scan; prior triage plus selected deep checks, not full semantic certification",legacy_exact_once;global_lint_reference_review
/home/eitanya/wao/handoff/pending/2026-09-06_008_waoengineer_portfolio-research-runner.md,024e7f66ea5f29b2b577f0b7bca80f295e9fc49b9dd2a1724703316c03a8915f,waoengineer,REVIEW_REQUIRED,"structural scan; prior triage plus selected deep checks, not full semantic certification",legacy_exact_once;global_lint_reference_review
/home/eitanya/wao/handoff/pending/2026-09-06_009_waoengineer_fix-business-audit-rules.md,277fb41f73f4da9d9978ca0cfc1713307c062cd795cc0cc03c38e824367c0dcf,waoengineer,REVIEW_REQUIRED,"structural scan; prior triage plus selected deep checks, not full semantic certification",legacy_exact_once;global_lint_reference_review
/home/eitanya/wao/handoff/pending/2026-09-06_010_waoengineer_authorization-asset-ledger.md,82bae44d2b174e40368dcb0192be39979513577017b7b4f0ac61e17c1e578b5b,waoengineer,REVIEW_REQUIRED,"structural scan; prior triage plus selected deep checks, not full semantic certification",legacy_exact_once;global_lint_reference_review
/home/eitanya/wao/handoff/pending/2026-09-06_011_waoengineer_portfolio-proof-model.md,6cf067ec2e140e8ce675c47fdec5b6f31bb9e07ed31b1947375111a618455625,waoengineer,REVIEW_REQUIRED,"structural scan; prior triage plus selected deep checks, not full semantic certification",legacy_exact_once;global_lint_reference_review
/home/eitanya/wao/handoff/pending/2026-09-06_012_waoengineer_static-site-template.md,b544b6d88930559819cfb8e67b0bae6cd8bdf56cb138a7cc7a81af1ba8639e9c,waoengineer,REVIEW_REQUIRED,"structural scan; prior triage plus selected deep checks, not full semantic certification",legacy_exact_once;global_lint_reference_review
/home/eitanya/wao/handoff/pending/2026-09-06_013_waoengineer_site-repository-factory.md,38b4b65845c23375c08b75366e61510b72eabc52f1b1515f3c8498b5becade2a,waoengineer,REVIEW_REQUIRED,"structural scan; prior triage plus selected deep checks, not full semantic certification",legacy_exact_once;global_lint_reference_review
/home/eitanya/wao/handoff/pending/2026-09-06_014_waoengineer_portfolio-lead-ingestion.md,4a1aaa69c9603acaf9e9558a060a82e9fb662440e20e9444be05dd9aa806f136,waoengineer,REVIEW_REQUIRED,"structural scan; prior triage plus selected deep checks, not full semantic certification",legacy_exact_once;global_lint_reference_review
/home/eitanya/wao/handoff/pending/2026-09-06_015_waoengineer_deterministic-lead-routing.md,f7ac0b381618d84af09d24aa187c88a85f2ef0ee3f5f64c742f4634e414d4e9d,waoengineer,REVIEW_REQUIRED,"structural scan; prior triage plus selected deep checks, not full semantic certification",legacy_exact_once;global_lint_reference_review
/home/eitanya/wao/handoff/pending/2026-09-06_016_waoengineer_portfolio-outcome-reporting.md,dfc1b7df68fda3e2369aefb2209c2dfbef75f6bf4d9b606b1b5adeac6289d367,waoengineer,REVIEW_REQUIRED,"structural scan; prior triage plus selected deep checks, not full semantic certification",legacy_exact_once;global_lint_reference_review
/home/eitanya/wao/handoff/pending/2026-09-06_017_waoengineer_portfolio-anomaly-monitor.md,824d64ac73cc86266447ce8a34f4a9a3baa2a6649ab8fff47bd5d4a6d33cd861,waoengineer,REVIEW_REQUIRED,"structural scan; prior triage plus selected deep checks, not full semantic certification",legacy_exact_once;global_lint_reference_review
/home/eitanya/wao/handoff/pending/2026-09-06_018_waoengineer_portfolio-admin-api.md,882b9d011194a3faa99e702c8304e77cdd5e046870232fcf6e765e370c8a6e7a,waoengineer,REVIEW_REQUIRED,"structural scan; prior triage plus selected deep checks, not full semantic certification",legacy_exact_once;global_lint_reference_review
/home/eitanya/wao/handoff/pending/2026-09-06_019_waoengineer_portfolio-admin-workspace.md,ac7f6500fdfa60658ed518085f620ce49166dd86b65fb8f3d4283a2aee3d291e,waoengineer,REVIEW_REQUIRED,"structural scan; prior triage plus selected deep checks, not full semantic certification",legacy_exact_once;global_lint_reference_review
/home/eitanya/wao/handoff/pending/2026-09-06_020_waoverifier_verify-portfolio-control-plane.md,775e832d88897e7e4bf4ae1df34b9ac0475e4657e7dc5672673dd4f6b8efc9b9,waoverifier,REVIEW_REQUIRED,"structural scan; prior triage plus selected deep checks, not full semantic certification",legacy_exact_once
/home/eitanya/wao/handoff/pending/2026-09-06_021_waouxtester_verify-portfolio-workspace-ux.md,72d71b5c961e7d9f052126e297c5a3f2d5eac5dc632f59c5dcbdba70cf960c28,waouxtester,REVIEW_REQUIRED,"structural scan; prior triage plus selected deep checks, not full semantic certification",legacy_exact_once
/home/eitanya/wao/handoff/pending/2026-09-06_022_waocopy_fix-business-copy-bundle.md,35c8ab435de746bc56577b096bcdba9a94e6f3bd3f9e7279ac3b099eb6073320,waocopy,REVIEW_REQUIRED,"structural scan; prior triage plus selected deep checks, not full semantic certification",legacy_exact_once
/home/eitanya/wao/handoff/pending/2026-09-06_023_waohebrewqa_review-fix-business-copy.md,7c540f523badc55e00aa0a3a6a66c5bdf67cc8385de5bc05c1116e4a0797ddf5,waohebrewqa,REVIEW_REQUIRED,"structural scan; prior triage plus selected deep checks, not full semantic certification",legacy_exact_once
/home/eitanya/wao/handoff/pending/2026-09-06_024_waoengineer_wire-fix-business-funnel.md,cbfee446b3666da9f9d48ad6fb56659b7361deac7daa4cbb086205065065c598,waoengineer,REVIEW_REQUIRED,"structural scan; prior triage plus selected deep checks, not full semantic certification",legacy_exact_once;global_lint_reference_review
/home/eitanya/wao/handoff/pending/2026-09-06_025_waoverifier_verify-fix-business-runtime.md,b55209702eeccaba908b95b8ece837ff7f6da83d6dbf8b216ac0238b242f046d,waoverifier,REVIEW_REQUIRED,"structural scan; prior triage plus selected deep checks, not full semantic certification",legacy_exact_once
/home/eitanya/wao/handoff/pending/2026-09-06_026_waouxtester_verify-fix-business-ux.md,5a8d611f046245317a1a95e92f122b77b7969b7bb5c3ab54379e734f94a23f0a,waouxtester,REVIEW_REQUIRED,"structural scan; prior triage plus selected deep checks, not full semantic certification",legacy_exact_once
/home/eitanya/wao/handoff/pending/2026-09-06_027_waoengineer_research-hogegim-portfolio.md,6acba1f35fb3456914507f705259cd6d991661ab9a3c94a8926c37675a69fd3b,waoengineer,REVIEW_REQUIRED,"structural scan; prior triage plus selected deep checks, not full semantic certification",legacy_exact_once
/home/eitanya/wao/handoff/pending/2026-09-06_028_waoengineer_configure-hogegim-routing.md,379fb14e9735604504733ab4103c54ca9d003032e0e72e4e5497e188ab33576e,waoengineer,REVIEW_REQUIRED,"structural scan; prior triage plus selected deep checks, not full semantic certification",legacy_exact_once;global_lint_reference_review
/home/eitanya/wao/handoff/pending/2026-09-06_029_waocopy_author-hogegim-site-copy.md,02a126bf63b6989da5c2da08ff2d5c8c56d9fcfc871595e2d7c5043beb18d90b,waocopy,REVIEW_REQUIRED,"structural scan; prior triage plus selected deep checks, not full semantic certification",legacy_exact_once;inline_interpreter_review
/home/eitanya/wao/handoff/pending/2026-09-06_030_waohebrewqa_review-hogegim-site-copy.md,c28a849dfab89efa1e17f3c7b4e89f99bb658fdf165ff3c542de8c86d83ec3b4,waohebrewqa,REVIEW_REQUIRED,"structural scan; prior triage plus selected deep checks, not full semantic certification",legacy_exact_once;inline_interpreter_review
/home/eitanya/wao/handoff/pending/2026-09-06_031_waoengineer_build-hogegim-repository.md,b0747d0abd26ef21a07903c6516969711ae91021332382115a84634313e50d3d,waoengineer,REVIEW_REQUIRED,"structural scan; prior triage plus selected deep checks, not full semantic certification",legacy_exact_once;global_lint_reference_review
/home/eitanya/wao/handoff/pending/2026-09-06_032_waoverifier_verify-hogegim-runtime.md,3f4505e2fe9acff07506b7f8eebc444f29e93c4f750c0669056e5040419d11e7,waoverifier,REVIEW_REQUIRED,"structural scan; prior triage plus selected deep checks, not full semantic certification",legacy_exact_once
/home/eitanya/wao/handoff/pending/2026-09-06_033_waouxtester_verify-hogegim-rtl-ux.md,d0e6d1ab8ce29ac2c56ab2b3da5516b98ee887ceb71078ac9556716726d1066d,waouxtester,REVIEW_REQUIRED,"structural scan; prior triage plus selected deep checks, not full semantic certification",legacy_exact_once
/home/eitanya/wao/handoff/pending/2026-09-06_034_waoengineer_research-gadgates-due-diligence.md,5c38d6f33e7a6be07bfad1c24198c02085629d1e3c6676fe5a572412a54e4ecf,waoengineer,REVIEW_REQUIRED,"structural scan; prior triage plus selected deep checks, not full semantic certification",legacy_exact_once
/home/eitanya/wao/handoff/pending/2026-09-06_035_waoengineer_research-air-conditioning.md,9066f28585594729b077631fdb1307b68dc204ff71307efa7f8db430d59d7135,waoengineer,REVIEW_REQUIRED,"structural scan; prior triage plus selected deep checks, not full semantic certification",legacy_exact_once
/home/eitanya/wao/handoff/pending/2026-09-06_036_waoengineer_research-waterproofing-roof.md,ae5c841096ff1d05a6b84f6095ca2f17ec06eb2c9da6c0da3d18775050ef5e2c,waoengineer,REVIEW_REQUIRED,"structural scan; prior triage plus selected deep checks, not full semantic certification",legacy_exact_once
/home/eitanya/wao/handoff/pending/2026-09-06_037_waoengineer_research-solar-water-energy.md,40b63a33b6f9f5fe6b9878d49f6f819b7d7897ddaf0f8b561fc69bff49afbfa3,waoengineer,REVIEW_REQUIRED,"structural scan; prior triage plus selected deep checks, not full semantic certification",legacy_exact_once
/home/eitanya/wao/handoff/pending/2026-09-06_038_waoengineer_research-locksmith-emergency.md,26e5b4de463a7c9a73aa5aeaeaf3301cd62edad0a2e42296651daa41c9e406b8,waoengineer,REVIEW_REQUIRED,"structural scan; prior triage plus selected deep checks, not full semantic certification",legacy_exact_once
/home/eitanya/wao/handoff/pending/2026-09-06_039_waoengineer_research-pest-control.md,710df928aee7a77135abf6b5f0e157d1d6c2e5f34cea4c70489475da18b2fa52,waoengineer,REVIEW_REQUIRED,"structural scan; prior triage plus selected deep checks, not full semantic certification",legacy_exact_once
/home/eitanya/wao/handoff/pending/2026-09-06_040_waoengineer_research-moving-storage.md,9756fe8aabb3c26e28497686818fa79b6bf3708e9ab9fac07c7b4a89bcaab24b,waoengineer,REVIEW_REQUIRED,"structural scan; prior triage plus selected deep checks, not full semantic certification",legacy_exact_once
/home/eitanya/wao/handoff/pending/2026-09-06_041_waoengineer_research-renovation-kitchen-bath.md,6e9d53c4fa03d428e4e5d857df6259fe105140dbc264b3e98cce57d415c7f3fb,waoengineer,REVIEW_REQUIRED,"structural scan; prior triage plus selected deep checks, not full semantic certification",legacy_exact_once
/home/eitanya/wao/handoff/pending/2026-09-06_042_waoengineer_research-commercial-cleaning.md,ba7769ad0db9d49e3975490266a0b6cea14307c0aa4fc5af32ee2e65cf411a22,waoengineer,REVIEW_REQUIRED,"structural scan; prior triage plus selected deep checks, not full semantic certification",legacy_exact_once
/home/eitanya/wao/handoff/pending/2026-09-06_043_waocopy_author-certified-sales-kit.md,4851f69bd99ab5e0e255304cc4f332d8acf832ac5ef37427abdf3732d270c444,waocopy,REVIEW_REQUIRED,"structural scan; prior triage plus selected deep checks, not full semantic certification",legacy_exact_once
/home/eitanya/wao/handoff/pending/2026-09-06_044_waohebrewqa_review-certified-sales-kit.md,38c051752bd42b48856cd5c34b789d5889bb23e23824f8df78cad026ac236009,waohebrewqa,REVIEW_REQUIRED,"structural scan; prior triage plus selected deep checks, not full semantic certification",legacy_exact_once
/home/eitanya/wao/handoff/pending/2026-09-06_047_waoverifier_verify-candidate-gate.md,bb670478608dafc4945c7b5cffe0d2771ca9edaf3feec733474fe876a1dc27d2,waoverifier,REVIEW_REQUIRED,"structural scan; prior triage plus selected deep checks, not full semantic certification",legacy_exact_once;long_physical_line_review
/home/eitanya/wao/handoff/pending/2026-09-06_048_waocopy_draft-persona-website-shell.md,46d4e57e866f47f20c1eeef36f9bc79d392975ca13cbc60ad26f11fd4d1181f2,waocopy,REVIEW_REQUIRED,"structural scan; prior triage plus selected deep checks, not full semantic certification",legacy_exact_once;inline_interpreter_review
/home/eitanya/wao/handoff/pending/2026-09-06_049_waohebrewqa_review-persona-website-shell.md,18958aa3acf85c07702216fe086d399deac672cb2b1fdb4c7c5189b9c268062c,waohebrewqa,REVIEW_REQUIRED,"structural scan; prior triage plus selected deep checks, not full semantic certification",legacy_exact_once;inline_interpreter_review
/home/eitanya/wao/handoff/pending/2026-09-06_054_waoengineer_restore-candidate-research-contract.md,a277f2b2cdcfe49c66cd6a10812b8f32dffd04bb4201495f83b7d9583acec4d8,waoengineer,REVIEW_REQUIRED,"structural scan; prior triage plus selected deep checks, not full semantic certification",legacy_exact_once
/home/eitanya/wao/handoff/pending/2026-09-06_056_waoengineer_resume-candidate-gate.md,75739e6393eb6190ff2a2a6c97b00753585576d6a44988204446959598e3f7d6,waoengineer,REVIEW_REQUIRED,"structural scan; prior triage plus selected deep checks, not full semantic certification",legacy_exact_once
/home/eitanya/wao/handoff/pending/2026-09-06_057_waoverifier_verify-candidate-successor.md,88045e02bd00f2c84750dfe3f48642dba8722411b4f6a04c50e656abdadb8788,waoverifier,REVIEW_REQUIRED,"structural scan; prior triage plus selected deep checks, not full semantic certification",legacy_exact_once;long_physical_line_review
/home/eitanya/wao/handoff/pending/2026-09-06_058_waocopy_author-owner-operations-manual.md,a8d0241538ddfc7420750f16753118b1b3c9fc5d51bc48364734418db9f35fe7,waocopy,REVIEW_REQUIRED,"structural scan; prior triage plus selected deep checks, not full semantic certification",legacy_exact_once;long_physical_line_review;inline_interpreter_review
/home/eitanya/wao/handoff/pending/2026-09-06_059_waohebrewqa_review-owner-operations-manual.md,fd1d462907bc333318be46faba01a5fa71cf500b5d9a77be9d60fada41d5af11,waohebrewqa,REVIEW_REQUIRED,"structural scan; prior triage plus selected deep checks, not full semantic certification",legacy_exact_once;inline_interpreter_review
/home/eitanya/wao/handoff/pending/2026-09-06_060_waoengineer_build-owner-manual-section.md,ffd4944fe36d77f5f208d69ff0c40d612c29abe65101804a313960092241f776,waoengineer,REVIEW_REQUIRED,"structural scan; prior triage plus selected deep checks, not full semantic certification",legacy_exact_once
/home/eitanya/wao/handoff/pending/2026-09-06_061_waoverifier_verify-owner-manual-runtime.md,9b8ea2e81ac6032c8b18a94c60cf82fa37da04d458789e1d415b668947a2c2ed,waoverifier,REVIEW_REQUIRED,"structural scan; prior triage plus selected deep checks, not full semantic certification",legacy_exact_once
/home/eitanya/wao/handoff/pending/2026-09-06_062_waouxtester_verify-owner-manual-ux.md,e93f79b8be4290f7b9b305b0f2bfbec4359be01a2de4ef434eec0e358c067b2f,waouxtester,REVIEW_REQUIRED,"structural scan; prior triage plus selected deep checks, not full semantic certification",legacy_exact_once
/home/eitanya/wao/handoff/pending/2026-09-07_004_waoengineer_correct-openseo-test-gate.md,70779a18e985b26b541c1b9f953e5bcffbc157ba02298e0d441f61c859c40b2e,waoengineer,REVIEW_REQUIRED,"structural scan; prior triage plus selected deep checks, not full semantic certification",legacy_exact_once;long_physical_line_review;inline_interpreter_review;immutable_pins_revalidate
/home/eitanya/wao/handoff/pending/2026-09-07_005_waoengineer_correct-moz-test-gate.md,27aef7565adfb2cf58295d2b074ee74fdde63239aa251eed1e8297c01f0a7422,waoengineer,REVIEW_REQUIRED,"structural scan; prior triage plus selected deep checks, not full semantic certification",legacy_exact_once;long_physical_line_review;inline_interpreter_review;immutable_pins_revalidate
/home/eitanya/wao/handoff/pending/2026-09-07_006_waoengineer_correct-orchestrator-test-gate.md,8f7388585a124b24e1be45b420675649ca315ab32ddd79826c22c1c14605eef2,waoengineer,REVIEW_REQUIRED,"structural scan; prior triage plus selected deep checks, not full semantic certification",legacy_exact_once;long_physical_line_review;inline_interpreter_review;immutable_pins_revalidate
/home/eitanya/wao/handoff/pending/2026-09-07_007_waoengineer_correct-research-api-gate.md,f5cce729856a0f1e26e417f133d4e2f463bb32e975fd63049dcf894e2c8bddf5,waoengineer,REVIEW_REQUIRED,"structural scan; prior triage plus selected deep checks, not full semantic certification",legacy_exact_once;long_physical_line_review;inline_interpreter_review;immutable_pins_revalidate
/home/eitanya/wao/handoff/pending/2026-09-07_008_waoengineer_correct-workspace-test-gate.md,c5f4eeea3ee2d32aa8b0228b3de6fc98339ebeb769be99567718ba4e5a09703e,waoengineer,REVIEW_REQUIRED,"structural scan; prior triage plus selected deep checks, not full semantic certification",legacy_exact_once;long_physical_line_review;inline_interpreter_review;immutable_pins_revalidate
/home/eitanya/wao/handoff/pending/2026-09-07_009_waoverifier_correct-runtime-verification.md,1c5f36810c2d9761e17f69c4f384c2471c86cf626c1352972c2eea2e36b5271b,waoverifier,REVIEW_REQUIRED,"structural scan; prior triage plus selected deep checks, not full semantic certification",legacy_exact_once;long_physical_line_review;inline_interpreter_review
/home/eitanya/wao/handoff/pending/2026-09-07_010_waouxtester_correct-visual-verification.md,0c2c0ed58f78c026f5b5ca6e3da5f927467811b281624935304e32c65e057b2e,waouxtester,REVIEW_REQUIRED,"structural scan; prior triage plus selected deep checks, not full semantic certification",legacy_exact_once;long_physical_line_review;inline_interpreter_review
/home/eitanya/wao/handoff/pending/2026-09-07_011_waoengineer_correct-portfolio-research-gate.md,3d7afeb501ba9d434a33ba47d701f95b297820837132727a7ebbcf51c0b79f64,waoengineer,REVIEW_REQUIRED,"structural scan; prior triage plus selected deep checks, not full semantic certification",legacy_exact_once;long_physical_line_review;inline_interpreter_review;immutable_pins_revalidate
/home/eitanya/wao/handoff/pending/2026-09-07_012_waoengineer_correct-authorization-ledger-gate.md,df4ac1c85c76d86d1a9755f64aab6aad738fb48bdf036375405cc6558efc280f,waoengineer,REVIEW_REQUIRED,"structural scan; prior triage plus selected deep checks, not full semantic certification",legacy_exact_once;long_physical_line_review;inline_interpreter_review;immutable_pins_revalidate
/home/eitanya/wao/handoff/pending/2026-09-07_013_waoengineer_correct-proof-model-gate.md,0cf7511c5f3375e90556ca811619c1f4bdc8f5233016d68a128c023c47212d7a,waoengineer,REVIEW_REQUIRED,"structural scan; prior triage plus selected deep checks, not full semantic certification",legacy_exact_once;long_physical_line_review;inline_interpreter_review;immutable_pins_revalidate
/home/eitanya/wao/handoff/pending/2026-09-07_014_waoengineer_correct-static-template-gate.md,9cc6861c417ca29fa00fde5a505429962eafd5d3273971d6a91efe5ab6e0dcfa,waoengineer,REVIEW_REQUIRED,"structural scan; prior triage plus selected deep checks, not full semantic certification",legacy_exact_once;global_lint_reference_review;long_physical_line_review;inline_interpreter_review;immutable_pins_revalidate
/home/eitanya/wao/handoff/pending/2026-09-07_015_waoengineer_correct-repository-factory-gate.md,bcf7a05e5e8be05bcc94a145a5a1a53206d1cb58278c29eb6d95d54fc54202c5,waoengineer,REVIEW_REQUIRED,"structural scan; prior triage plus selected deep checks, not full semantic certification",legacy_exact_once;long_physical_line_review;inline_interpreter_review;immutable_pins_revalidate
/home/eitanya/wao/handoff/pending/2026-09-07_016_waoengineer_correct-lead-ingestion-gate.md,3f83ac34e397a44f66ab8e58290f2709439b4f5d95d553e722b7fc6f73910a96,waoengineer,REVIEW_REQUIRED,"structural scan; prior triage plus selected deep checks, not full semantic certification",legacy_exact_once;long_physical_line_review;inline_interpreter_review;immutable_pins_revalidate
/home/eitanya/wao/handoff/pending/2026-09-07_018_waoengineer_correct-reporting-gate.md,ae21b630b989fbdc01d9f1d13d4c671f6e43656231e0b2c4e3f6d32ba6b73d8e,waoengineer,REVIEW_REQUIRED,"structural scan; prior triage plus selected deep checks, not full semantic certification",legacy_exact_once;long_physical_line_review;inline_interpreter_review;immutable_pins_revalidate
/home/eitanya/wao/handoff/pending/2026-09-07_019_waoengineer_recover-authorization-acceptance.md,0ee1a1bfa163e8a8f255af100af9836789833ed545c2d41631af9c9d845a68c9,waoengineer,REVIEW_REQUIRED,"structural scan; prior triage plus selected deep checks, not full semantic certification",legacy_exact_once;long_physical_line_review;inline_interpreter_review;immutable_pins_revalidate
/home/eitanya/wao/handoff/pending/2026-09-07_021_waoengineer_recover-proof-model-gate.md,b4b675c3ba5dcf0109847cfb7f58df015788be14912225632093c7bba54bdfd1,waoengineer,REVIEW_REQUIRED,"structural scan; prior triage plus selected deep checks, not full semantic certification",legacy_exact_once;long_physical_line_review;inline_interpreter_review;immutable_pins_revalidate
/home/eitanya/wao/handoff/pending/2026-09-07_025_waoengineer_accept-authorization-counts.md,64fab7be0ee3f9f7d5291ee4f554ad922a0a054ad3d9c34439de51388f287ced,waoengineer,REVIEW_REQUIRED,"structural scan; prior triage plus selected deep checks, not full semantic certification",legacy_exact_once;long_physical_line_review;immutable_pins_revalidate
/home/eitanya/wao/handoff/pending/2026-09-07_029_waoengineer_recover-domain-status-gate.md,7eaa871fcdd2fdba3a4e04a61f5c555511aff0c5de0885b88a7f2c1c1b0d2d7f,waoengineer,REVIEW_REQUIRED,"structural scan; prior triage plus selected deep checks, not full semantic certification",legacy_exact_once;long_physical_line_review;inline_interpreter_review;immutable_pins_revalidate
/home/eitanya/wao/handoff/pending/2026-09-07_030_waoengineer_recover-openseo-test-gate.md,1b7cddbb6c297f6d96171bb6dd2ac6c5f62d599b2e7daf3ec30aa1db08bebd38,waoengineer,REVIEW_REQUIRED,"structural scan; prior triage plus selected deep checks, not full semantic certification",legacy_exact_once;long_physical_line_review;inline_interpreter_review;immutable_pins_revalidate
/home/eitanya/wao/handoff/pending/2026-09-07_031_waoengineer_release-proof-model-successor.md,4839e6e51a0ac7261941944c64c51592cfff3b0f541d733012575c5010fce8e9,waoengineer,REVIEW_REQUIRED,"structural scan; prior triage plus selected deep checks, not full semantic certification",legacy_exact_once;long_physical_line_review;immutable_pins_revalidate
/home/eitanya/wao/handoff/pending/2026-09-07_032_waoengineer_release-lead-ingestion-successor.md,7b959b792337fc3e76527a9051440998ae46c138f12735aa768ee431fc1217f2,waoengineer,REVIEW_REQUIRED,"structural scan; prior triage plus selected deep checks, not full semantic certification",legacy_exact_once;long_physical_line_review;inline_interpreter_review;immutable_pins_revalidate
/home/eitanya/wao/handoff/pending/2026-09-07_033_waoengineer_fix-proof-result-narrowing.md,684b520ba458ab9afe5aa2ad2a96aeef1a9112ce07ef342979f034c93add83db,waoengineer,REVIEW_REQUIRED,"structural scan; prior triage plus selected deep checks, not full semantic certification",legacy_exact_once;long_physical_line_review;immutable_pins_revalidate
/home/eitanya/wao/handoff/pending/2026-09-07_033_waoengineer_release-lead-routing-successor.md,96b5f0d9a0061bd011ac66176f36e924ecb0aa44c2e3906b8be0eaf86a107ea5,waoengineer,REVIEW_REQUIRED,"structural scan; prior triage plus selected deep checks, not full semantic certification",legacy_exact_once;long_physical_line_review;inline_interpreter_review;immutable_pins_revalidate
/home/eitanya/wao/handoff/pending/2026-09-07_034_waoengineer_release-lead-routing-unique-id.md,1565753f94a0f30e59a97e47a2a017a5e95b9819c9a05225c32a09b30122d39c,waoengineer,REVIEW_REQUIRED,"structural scan; prior triage plus selected deep checks, not full semantic certification",legacy_exact_once;long_physical_line_review;immutable_pins_revalidate
/home/eitanya/wao/handoff/pending/2026-09-07_035_waoengineer_fix-proof-unique-id.md,de42ae85b5ee8e65ab779237d1bd12dce3d04caa1f1414876122541cff241bb1,waoengineer,REVIEW_REQUIRED,"structural scan; prior triage plus selected deep checks, not full semantic certification",legacy_exact_once;long_physical_line_review;immutable_pins_revalidate
/home/eitanya/wao/handoff/pending/2026-09-07_036_waoengineer_fix-proof-evidence-uniqueness.md,e1c432241ccfa55d525674701bf736d324329c316e7be33ce59d15b24236d7b0,waoengineer,REVIEW_REQUIRED,"structural scan; prior triage plus selected deep checks, not full semantic certification",legacy_exact_once;long_physical_line_review;immutable_pins_revalidate
/home/eitanya/wao/handoff/pending/2026-09-07_038_waoengineer_recover-lead-ingestion-command.md,823c251847ad887ddb85253cffdc33d0e75beba17af7710032a38fb13e6d4fc9,waoengineer,REVIEW_REQUIRED,"structural scan; prior triage plus selected deep checks, not full semantic certification",legacy_exact_once;long_physical_line_review;immutable_pins_revalidate
/home/eitanya/wao/handoff/pending/2026-09-07_040_waoengineer_recover-routing-command.md,dac220413405e7c71c3f913f1083ff15c5cc968b32a49ee64829342888f10e9a,waoengineer,REVIEW_REQUIRED,"structural scan; prior triage plus selected deep checks, not full semantic certification",legacy_exact_once;long_physical_line_review;immutable_pins_revalidate
/home/eitanya/wao/handoff/pending/2026-09-07_041_waoengineer_recover-reporting-command.md,10e4e783fbfe62bc6b236bd48ee07e50288f75304d4ccb5542223631e0658194,waoengineer,REVIEW_REQUIRED,"structural scan; prior triage plus selected deep checks, not full semantic certification",legacy_exact_once;long_physical_line_review;immutable_pins_revalidate
/home/eitanya/wao/handoff/pending/2026-09-08_003_waoengineer_accept-leads-error-contract.md,2fdbadbb21277f0c7f133d3e8f3ccf21d9de619bad7a70f9b7a839285b34bdd8,waoengineer,REVIEW_REQUIRED,"structural scan; prior triage plus selected deep checks, not full semantic certification",legacy_exact_once;global_lint_reference_review
